id,day,priority,owner,depends_on,task,deliverable,acceptance_criteria,verification,estimate_hours,status,evidence,blocker
CR-01,1,P0,Agent,,Capture baseline and reproduce audit hypotheses,config/sites.geojson; gee/ndvi_change.js; tools/validate_phase1.mjs; docs/design.md; README.md; analysis/pyproject.toml; ci-proposed/README.md,"Record base identity, clean sprint start, versions, exact CI commands and observed outputs; preserve original worktree changes.","PYTHONPATH=analysis python -c 'import sys, types; sys.modules[""readline""] = types.ModuleType(""readline""); import pytest; raise SystemExit(pytest.main([""-q""]))'
node tools/validate_phase1.mjs",3,done,evidence/sprint-2026-09-05/baseline.json,
CR-02,1,P0,Agent,CR-01,Freeze scope and evidence-first execution design,NEW docs/SPRINT_ROADMAP.md; NEW docs/SPRINT_TASKS.csv; NEW docs/SPRINT_PROGRESS.md; NEW docs/REVIEW_READY.md,"Six-day30h plan saved, requirements testable, user-provided plan-and-execute authorization recorded, external authority excluded.",Review this roadmap and parse task CSV; hours sum to30.,2,done,docs/SPRINT_ROADMAP.md,
CR-03,2,P0,Agent,CR-02,Make eligibility a tested executable gate,NEW analysis/catanroads/phase1_gate.py; NEW analysis/tests/test_phase1_gate.py; config/sites.geojson; README.md,"Unverified sites, missing dates, duplicate site metrics, nonfinite/out-of-range fractions, low coverage and missing rows cannot PASS; all primary thresholds retained; no real result invented.",PYTHONPATH=analysis python -m pytest analysis/tests/test_phase1_gate.py -q; proposed CLI python -m catanroads.phase1_gate --help,5,done,evidence/sprint-2026-09-05/final-checks.json,
CR-04,3,P0,Agent,CR-03,Install local CI workflow and reconcile sign/scope,NEW .github/workflows/ci.yml; ci-proposed/README.md; README.md; docs/design.md; config/sites.geojson,Workflow invokes real Python tests and static JS check; local success not called hosted CI; recovery/stable corridors are not claimed detected by positive change; frozen sites not silently swapped to pass.,PYTHONPATH=analysis python -m pytest analysis/tests -q; node tools/validate_phase1.mjs; manually compare workflow commands with local log.,6,done,docs/REVIEW_READY.md,
CR-05,4,P1,Agent,CR-04,Freeze intake candidate and real-data run instructions,NEW evidence/sprint-2026-09-05/candidate.json; NEW docs/PHASE1_RUNBOOK.md; docs/REVIEW_READY.md,"Exact external inputs, expected CSV schema, fixed thresholds, selection rules and missing-year QA listed; installed Python package/CLI exercised without GEE results.",python -m pip install -e ./analysis --no-deps; python -m catanroads.phase1_gate --help; git diff --check,4,done,evidence/sprint-2026-09-05/candidate.json,
CR-06,5,P1,Agent,CR-05,Evaluate selected real sites if eligible; otherwise fail-closed delivery evaluation,config/sites.geojson; NEW evidence/sprint-2026-09-05/evaluation-plan.md; NEW evidence/sprint-2026-09-05/evaluation.json,"Freeze independently verified development/control sites before GEE predictions; retain CSV/scene provenance. If absent, mark real evaluation blocked and evaluate only intake counterexamples, not road precision.",Follow docs/PHASE1_RUNBOOK.md; evaluate exported metrics with recorded CLI; preserve all outcomes and exclusions.,6,done,evidence/sprint-2026-09-05/evaluation.json,
CR-07,6,P1,Agent,CR-06,Assemble partial or real-data review packet,docs/REVIEW_READY.md; docs/SPRINT_PROGRESS.md; docs/SPRINT_TASKS.csv,"Packet distinguishes implemented intake, local workflow validation and actual external run state; no invented unseen-road performance.",Run all baseline commands; git diff --check; verify relative links and evidence states.,2,done,docs/REVIEW_READY.md,
CR-08,1,P0,Owner,CR-02,Owner verifies reference sites and Earth Engine access,config/sites.geojson; docs/PHASE1_RUNBOOK.md,Dated high-resolution provenance and site selection approved before gate results; runtime access supplied or real-data task explicitly blocked.,Manually verify dev/control sites in dated imagery; execute Code Editor export tasks only with appropriate access.,2,blocked,,Dated imagery/site verification and Earth Engine runtime credentials are not supplied. The existing unverified sites remain unverified. Hosted Actions requires a separately authorized push.
CR-D01,2026-09-08,P1,Agent,CR-07,Make missing-year imagery explicit before real-data intake,gee/ndvi_change.js; analysis/catanroads/phase1_gate.py; docs/PHASE1_RUNBOOK.md,Empty-year bands stay masked; eight integer scene counts retained; missing/insufficient QA cannot PASS; fixed gates unchanged,PYTHONPATH=analysis python -m pytest analysis/tests -q; node tools/test_temporal_qa.mjs; node tools/validate_phase1.mjs,3,done,evidence/task-2026-09-08/README.md,Real imagery remains blocked on CR-08; this is software preparation only
CR-D02,2026-09-09,P1,Agent,CR-D01,Rehearse the Phase-1 runbook end to end on synthetic fixtures so the documented command cannot drift from the CLI,analysis/tests/test_runbook_rehearsal.py,The gate command is parsed from docs/PHASE1_RUNBOOK.md and executed as written with placeholders substituted; synthetic path exits 3 DEVELOPMENT_ONLY; the real unverified manifest exits 2 INCONCLUSIVE even with well-formed metrics; a missing export is INCONCLUSIVE with no traceback; the runbook exit-code table equals the CLI mapping; a renamed flag or altered exit table in the runbook fails the tests,"python -m pytest analysis/tests -q (55 passed, 7 new); negative controls: renaming --metrics in the runbook fails 5/7, altering the exit table fails 1/7; runbook restored byte-identical",3,done,evidence/task-2026-09-09/README.md,Real imagery remains blocked on CR-08; this is software preparation only and establishes no Mongolia result
CR-D03,2026-09-09,P1,Agent,CR-D02,"Make source-image inspection a bounded, reproducible sitting",docs/SITE_VERIFICATION_WORKSHEET.md,"Generate per-site worksheets from the existing schema, reserve the holdout, research dated imagery access, and preserve all unverified site flags. Test worksheet generation and holdout protection.",See evidence/task-day3-2026-09-09/checks.json,,done,evidence/task-day3-2026-09-09/README.md,No feature confirmation without seeing the dated source image; no Earth Engine or holdout evaluation implied.
CR-COR-01,2026-09-11,P1,Agent,CR-D03,Separate generated worksheet from inspected site evidence,docs/COMPLETION_RECONCILIATION.md,Five forms remain generated only; all six site flags unchanged; holdout excluded; runtime export and screen verdict incomplete,PYTHONPATH=analysis python -m catanroads.site_worksheet --check; node tools/validate_phase1.mjs,1,done,evidence/correction-2026-09-11/README.md,CR-08 requires actual dated reference imagery judgments and real Earth Engine exports.
CR-R03,2026-09-12,P1,Agent,CR-D03,Stress-test the existing extractor beyond its favorable demonstration,"analysis/catanroads/stress_cases.py (10 fixed cases + strength sweep, CLI); results/extractor_stress_cases.json; analysis/tests/test_stress_cases.py (11 tests pinning observed behaviour); results/README.md table; v2 adds the exported-line layer (line_recall/line_precision on endpoints_px) and keeps the v1 record as results/extractor_stress_cases_baseline_2026-09-12.json","Fixed synthetic cases with their own truth masks show where the extractor detects, misses, or produces false candidates; every number is computed (pixel recall/precision within 2 px, false-candidate count), committed, regenerable from one command, and pinned by tests; no imagery and no site claim","python -m pip install -e ./analysis --no-deps; python -m pytest -q analysis/tests (85 passed, 22 stress); CLI reproduces the committed record (tested)",,done,evidence/task-2026-09-12/README.md,Review 2 (2026-09-12): the v2 line metric scored against the road-AREA mask and penalised road width (perfect centerline through a 13-px road: recall 0.385). v3 scores against reference centerlines; area coverage is a separate diagnostic. CR-08 unchanged.
CR-09,2026-09-16,P1,Agent,CR-R03,Review and implement bounded corridor path export after the superseding plan merges,"analysis/catanroads/extract.py (_component_path_px per plan contract + amendment A; candidate_coordinates_px selector; path_px, path_length_px); stress_cases.py (line layer on delivered geometry, chord_line, v4 record with provenance, sensitivity seeds); to_geojson/demo through the selector; results/extractor_stress_cases.json v4; v3 archive; evidence/task-2026-09-14/ (README, baseline_candidates.json, feasibility_t08.py); tests A1-A8","A1-A8 of docs/PLAN_2026-09-14_CR09.md: legacy fields/ids/order/ranking equal the pre-CR-09 baseline; curved cases >= 0.80 recall and precision (observed 0.99/1.00, 1.00/1.00, 0.93/1.00); wide >= 0.98 (1.00/1.00); faint/gradient within own v3 - 0.02; geometry validity fixtures; exporter truth; discriminating controls; ValueError on malformed paths; v1/v3 archives byte-unchanged; complete v4 metadata; demo paths pinned","PYTHONPATH=analysis python -m pytest analysis/tests -q (116 passed); feasibility_t08.py exit 0; CLI reproduces committed v4 payload (tested); Node, presentation and worksheet checks pass",3,done,evidence/task-2026-09-14/README.md,"Synthetic only; CR-08 unchanged. Feasibility stop on 2026-09-15 (A3 wide 0.9688) resolved by owner-adopted amendment A on 2026-09-16; PR #19 (superseded plan) reverted in PR #20. Junctions, gaps, linear non-road confounds and fragmentation remain limits by construction"
